x,y,t,z
0.010933,0.32105,1,-1.960057
0.007967,0.733664,1,0.297596
0.018503,0.941552,1,-1.402549
0.055817,0.224665,1,-0.140249
0.052703,0.715284,1,-1.102061
0.043626,0.857396,1,-1.939558
0.0485,0.990519,1,-0.106373
0.082246,0.087593,1,-0.480909
0.067929,0.120933,1,0.442142
0.070806,0.209279,1,-1.03301
0.080864,0.392335,1,0.268291
0.068363,0.755089,1,-0.204959
0.114329,0.021952,1,-1.615211
0.11583,0.175771,1,-1.090274
0.119726,0.354624,1,1.608637
0.137598,0.265154,1,-0.242492
0.139265,0.347986,1,1.000947
0.170564,0.451262,1,-1.962089
0.196043,0.202877,1,-0.836397
0.202631,0.549228,1,-0.385318
0.214581,0.58061,1,1.317767
0.200678,0.824096,1,-1.164376
0.206282,0.922424,1,-0.074488
0.24662,0.365364,1,1.312964
0.263705,0.169202,1,-0.548396
0.262869,0.607221,1,-1.729126
0.273298,0.671565,1,0.588741
0.256721,0.768372,1,1.005172
0.298225,0.046066,1,0.782154
0.303294,0.145335,1,0.399243
0.291713,0.270201,1,0.728204
0.288746,0.371591,1,0.085885
0.285374,0.614482,1,-0.052013
0.30498,0.757965,1,0.536686
0.307891,0.948373,1,1.044257
0.289645,0.98894,1,1.708306
0.333406,0.232439,1,0.953621
0.317309,0.262842,1,-1.16231
0.321806,0.820947,1,-0.213508
0.371109,0.567156,1,-0.994251
0.356397,0.618155,1,0.307562
0.347364,0.940708,1,-0.238436
0.389272,0.853586,1,0.39367
0.430538,0.639471,1,0.242759
0.42644,0.73005,1,0.067328
0.45342,0.117999,1,0.454983
0.496874,0.434034,1,0.794546
0.473336,0.613693,1,0.034646
0.517292,0.051827,1,-0.184072
0.510924,0.303915,1,1.12902
0.515688,0.324335,1,0.344596
0.519286,0.473054,1,0.84667
0.525926,0.9608,1,-0.918242
0.508731,0.975399,1,-0.529988
0.547244,0.145485,1,-0.453164
0.552469,0.169109,1,1.114481
0.53529,0.840135,1,-2.610982
0.570912,0.089862,1,-0.152907
0.583757,0.263877,1,0.661956
0.588844,0.428277,1,1.322282
0.572347,0.447967,1,0.884533
0.576385,0.798149,1,0.259994
0.573694,0.889477,1,-0.780935
0.613933,0.291464,1,1.654363
0.617124,0.419613,1,0.401788
0.605275,0.572805,1,-0.800778
0.60743,0.878327,1,-0.93318
0.652485,0.385311,1,0.250058
0.644981,0.650414,1,1.549155
0.63647,0.714969,1,-0.328984
0.681295,0.202424,1,1.328479
0.662494,0.228291,1,0.569805
0.670062,0.473875,1,0.609693
0.663465,0.6335,1,1.344941
0.708679,0.339248,1,-0.495505
0.737754,0.037704,1,0.542858
0.739931,0.15233,1,0.325429
0.732081,0.176468,1,0.612115
0.733742,0.541524,1,-1.648403
0.741816,0.793979,1,-0.02868
0.742185,0.895276,1,-1.325722
0.772666,0.615068,1,-0.496034
0.784923,0.367347,1,-0.092909
0.793726,0.651852,1,0.154612
0.796027,0.824379,1,-1.001644
0.825621,0.163966,1,-0.186483
0.824988,0.865708,1,-0.648211
0.847371,0.071989,1,0.714288
0.849532,0.492052,1,0.786357
0.852037,0.603622,1,0.830578
0.883394,0.098578,1,0.953188
0.893481,0.170776,1,0.131636
0.879676,0.205524,1,0.658856
0.898787,0.882327,1,0.167482
0.91665,0.3262,1,0.606914
0.921996,0.617869,1,0.057795
0.94234,0.427772,1,1.476047
0.961158,0.44776,1,-1.197428
0.953296,0.824096,1,1.023041
0.995249,0.195157,1,0.327785
0.010933,0.32105,2,-1.730607
0.007967,0.733664,2,1.676921
0.018503,0.941552,2,0.541951
0.055817,0.224665,2,0.096312
0.052703,0.715284,2,-1.848941
0.043626,0.857396,2,-0.507975
0.0485,0.990519,2,-0.580829
0.082246,0.087593,2,-1.272892
0.067929,0.120933,2,-0.252915
0.070806,0.209279,2,-0.946233
0.080864,0.392335,2,0.22389
0.068363,0.755089,2,0.451169
0.114329,0.021952,2,-1.291316
0.11583,0.175771,2,0.018872
0.119726,0.354624,2,1.147797
0.137598,0.265154,2,-0.875503
0.139265,0.347986,2,-0.064024
0.170564,0.451262,2,-0.439809
0.196043,0.202877,2,-0.460112
0.202631,0.549228,2,-0.696984
0.214581,0.58061,2,-0.42989
0.200678,0.824096,2,-1.186533
0.206282,0.922424,2,0.323271
0.24662,0.365364,2,1.448119
0.263705,0.169202,2,-1.546997
0.262869,0.607221,2,0.500043
0.273298,0.671565,2,-0.43579
0.256721,0.768372,2,-1.086963
0.298225,0.046066,2,1.422846
0.303294,0.145335,2,-0.104492
0.291713,0.270201,2,1.29964
0.288746,0.371591,2,2.962955
0.285374,0.614482,2,0.221453
0.30498,0.757965,2,0.182707
0.307891,0.948373,2,0.514323
0.289645,0.98894,2,1.879344
0.333406,0.232439,2,1.43684
0.317309,0.262842,2,-0.469999
0.321806,0.820947,2,0.391117
0.371109,0.567156,2,-1.290426
0.356397,0.618155,2,0.432601
0.347364,0.940708,2,0.00342
0.389272,0.853586,2,0.617515
0.430538,0.639471,2,-0.150823
0.42644,0.73005,2,0.704246
0.45342,0.117999,2,-0.820864
0.496874,0.434034,2,1.204575
0.473336,0.613693,2,0.101834
0.517292,0.051827,2,0.818003
0.510924,0.303915,2,0.303831
0.515688,0.324335,2,0.4174
0.519286,0.473054,2,0.635044
0.525926,0.9608,2,-0.989997
0.508731,0.975399,2,0.606639
0.547244,0.145485,2,0.982412
0.552469,0.169109,2,0.226839
0.53529,0.840135,2,-0.433826
0.570912,0.089862,2,-0.478901
0.583757,0.263877,2,1.305357
0.588844,0.428277,2,-0.117013
0.572347,0.447967,2,-0.425325
0.576385,0.798149,2,-0.506798
0.573694,0.889477,2,0.117146
0.613933,0.291464,2,0.008174
0.617124,0.419613,2,1.434038
0.605275,0.572805,2,0.516624
0.60743,0.878327,2,-2.047714
0.652485,0.385311,2,-0.021143
0.644981,0.650414,2,2.304494
0.63647,0.714969,2,0.769444
0.681295,0.202424,2,1.17713
0.662494,0.228291,2,-0.367493
0.670062,0.473875,2,0.322108
0.663465,0.6335,2,1.968796
0.708679,0.339248,2,-2.770399
0.737754,0.037704,2,0.330869
0.739931,0.15233,2,-0.144869
0.732081,0.176468,2,0.832102
0.733742,0.541524,2,-1.346536
0.741816,0.793979,2,-1.46732
0.742185,0.895276,2,-0.580993
0.772666,0.615068,2,-2.062474
0.784923,0.367347,2,-0.074652
0.793726,0.651852,2,-0.654798
0.796027,0.824379,2,-0.941776
0.825621,0.163966,2,-0.587457
0.824988,0.865708,2,-0.433299
0.847371,0.071989,2,1.61147
0.849532,0.492052,2,0.616787
0.852037,0.603622,2,-0.394346
0.883394,0.098578,2,0.668174
0.893481,0.170776,2,0.215716
0.879676,0.205524,2,-0.42144
0.898787,0.882327,2,0.786514
0.91665,0.3262,2,0.547945
0.921996,0.617869,2,-0.753659
0.94234,0.427772,2,1.107553
0.961158,0.44776,2,-0.265157
0.953296,0.824096,2,-0.357451
0.995249,0.195157,2,-0.001668
0.010933,0.32105,3,-0.285086
0.007967,0.733664,3,0.465209
0.018503,0.941552,3,0.203224
0.055817,0.224665,3,0.012738
0.052703,0.715284,3,-0.268763
0.043626,0.857396,3,-0.418293
0.0485,0.990519,3,1.01813
0.082246,0.087593,3,-0.927011
0.067929,0.120933,3,0.361383
0.070806,0.209279,3,-1.813406
0.080864,0.392335,3,1.660372
0.068363,0.755089,3,0.757977
0.114329,0.021952,3,-0.941048
0.11583,0.175771,3,0.578938
0.119726,0.354624,3,1.208823
0.137598,0.265154,3,0.874533
0.139265,0.347986,3,0.78829
0.170564,0.451262,3,-0.290454
0.196043,0.202877,3,-1.449437
0.202631,0.549228,3,-1.606457
0.214581,0.58061,3,0.385065
0.200678,0.824096,3,-0.716623
0.206282,0.922424,3,-0.467016
0.24662,0.365364,3,0.18379
0.263705,0.169202,3,0.274043
0.262869,0.607221,3,0.479843
0.273298,0.671565,3,-0.44211
0.256721,0.768372,3,0.227466
0.298225,0.046066,3,-0.258681
0.303294,0.145335,3,-0.325328
0.291713,0.270201,3,2.054635
0.288746,0.371591,3,1.47522
0.285374,0.614482,3,0.222119
0.30498,0.757965,3,-0.342836
0.307891,0.948373,3,0.274622
0.289645,0.98894,3,0.507803
0.333406,0.232439,3,0.329918
0.317309,0.262842,3,-0.984164
0.321806,0.820947,3,-0.356386
0.371109,0.567156,3,0.413515
0.356397,0.618155,3,1.320314
0.347364,0.940708,3,-0.79254
0.389272,0.853586,3,1.395673
0.430538,0.639471,3,0.054676
0.42644,0.73005,3,0.083688
0.45342,0.117999,3,0.112347
0.496874,0.434034,3,0.633987
0.473336,0.613693,3,0.018292
0.517292,0.051827,3,1.044168
0.510924,0.303915,3,1.76705
0.515688,0.324335,3,-0.387688
0.519286,0.473054,3,1.290824
0.525926,0.9608,3,-1.26174
0.508731,0.975399,3,0.125006
0.547244,0.145485,3,1.552479
0.552469,0.169109,3,1.091611
0.53529,0.840135,3,-1.932466
0.570912,0.089862,3,0.247713
0.583757,0.263877,3,0.993321
0.588844,0.428277,3,-0.413298
0.572347,0.447967,3,-1.703435
0.576385,0.798149,3,-0.722885
0.573694,0.889477,3,-1.100898
0.613933,0.291464,3,0.118255
0.617124,0.419613,3,1.257918
0.605275,0.572805,3,2.412109
0.60743,0.878327,3,0.193848
0.652485,0.385311,3,1.232428
0.644981,0.650414,3,1.424151
0.63647,0.714969,3,0.636067
0.681295,0.202424,3,0.188058
0.662494,0.228291,3,1.013223
0.670062,0.473875,3,0.379828
0.663465,0.6335,3,1.097271
0.708679,0.339248,3,-0.827037
0.737754,0.037704,3,-0.809569
0.739931,0.15233,3,0.56619
0.732081,0.176468,3,0.857172
0.733742,0.541524,3,-1.564827
0.741816,0.793979,3,-0.620864
0.742185,0.895276,3,0.395852
0.772666,0.615068,3,-1.832682
0.784923,0.367347,3,0.195679
0.793726,0.651852,3,-0.387458
0.796027,0.824379,3,-0.328841
0.825621,0.163966,3,-0.823401
0.824988,0.865708,3,0.422541
0.847371,0.071989,3,0.605836
0.849532,0.492052,3,0.155475
0.852037,0.603622,3,-0.363248
0.883394,0.098578,3,0.305158
0.893481,0.170776,3,-0.235333
0.879676,0.205524,3,-0.413533
0.898787,0.882327,3,1.714465
0.91665,0.3262,3,0.118393
0.921996,0.617869,3,-1.48956
0.94234,0.427772,3,0.587498
0.961158,0.44776,3,-0.775409
0.953296,0.824096,3,-0.4977
0.995249,0.195157,3,-0.295919
0.010933,0.32105,4,-1.589707
0.007967,0.733664,4,-0.665873
0.018503,0.941552,4,0.88706
0.055817,0.224665,4,1.245047
0.052703,0.715284,4,-0.809092
0.043626,0.857396,4,-0.046383
0.0485,0.990519,4,1.425387
0.082246,0.087593,4,-0.001825
0.067929,0.120933,4,0.283764
0.070806,0.209279,4,-0.42831
0.080864,0.392335,4,2.00784
0.068363,0.755089,4,-0.672025
0.114329,0.021952,4,0.10318
0.11583,0.175771,4,0.07634
0.119726,0.354624,4,0.400486
0.137598,0.265154,4,-0.672122
0.139265,0.347986,4,-0.882622
0.170564,0.451262,4,-0.080246
0.196043,0.202877,4,0.12058
0.202631,0.549228,4,-1.16942
0.214581,0.58061,4,-0.026692
0.200678,0.824096,4,-1.381444
0.206282,0.922424,4,-0.506751
0.24662,0.365364,4,1.138518
0.263705,0.169202,4,0.373964
0.262869,0.607221,4,1.26721
0.273298,0.671565,4,-0.129639
0.256721,0.768372,4,-0.455121
0.298225,0.046066,4,0.123301
0.303294,0.145335,4,0.285138
0.291713,0.270201,4,0.56879
0.288746,0.371591,4,1.094449
0.285374,0.614482,4,0.389079
0.30498,0.757965,4,0.429422
0.307891,0.948373,4,1.831258
0.289645,0.98894,4,-0.028145
0.333406,0.232439,4,2.162323
0.317309,0.262842,4,0.147881
0.321806,0.820947,4,0.160438
0.371109,0.567156,4,1.031572
0.356397,0.618155,4,0.487418
0.347364,0.940708,4,1.029833
0.389272,0.853586,4,-0.837185
0.430538,0.639471,4,0.939812
0.42644,0.73005,4,0.500213
0.45342,0.117999,4,0.456893
0.496874,0.434034,4,0.023338
0.473336,0.613693,4,0.326385
0.517292,0.051827,4,-0.021433
0.510924,0.303915,4,1.704254
0.515688,0.324335,4,0.767972
0.519286,0.473054,4,2.374336
0.525926,0.9608,4,0.768057
0.508731,0.975399,4,0.361401
0.547244,0.145485,4,0.074781
0.552469,0.169109,4,-0.115073
0.53529,0.840135,4,-2.699121
0.570912,0.089862,4,0.256746
0.583757,0.263877,4,0.098371
0.588844,0.428277,4,-0.914783
0.572347,0.447967,4,-1.509406
0.576385,0.798149,4,-0.019656
0.573694,0.889477,4,-0.829571
0.613933,0.291464,4,-0.717199
0.617124,0.419613,4,-0.573956
0.605275,0.572805,4,-0.744485
0.60743,0.878327,4,0.081029
0.652485,0.385311,4,1.32027
0.644981,0.650414,4,0.902113
0.63647,0.714969,4,-0.701267
0.681295,0.202424,4,0.793658
0.662494,0.228291,4,1.341612
0.670062,0.473875,4,0.612256
0.663465,0.6335,4,1.098709
0.708679,0.339248,4,-0.273387
0.737754,0.037704,4,-0.020075
0.739931,0.15233,4,1.140053
0.732081,0.176468,4,1.336231
0.733742,0.541524,4,-1.254166
0.741816,0.793979,4,-0.545377
0.742185,0.895276,4,-0.188245
0.772666,0.615068,4,-0.711414
0.784923,0.367347,4,0.508924
0.793726,0.651852,4,-0.704963
0.796027,0.824379,4,0.256288
0.825621,0.163966,4,-0.829171
0.824988,0.865708,4,0.018759
0.847371,0.071989,4,0.756968
0.849532,0.492052,4,0.715393
0.852037,0.603622,4,-1.202407
0.883394,0.098578,4,0.02398
0.893481,0.170776,4,-0.609346
0.879676,0.205524,4,-1.244185
0.898787,0.882327,4,2.253368
0.91665,0.3262,4,-0.67991
0.921996,0.617869,4,-1.479352
0.94234,0.427772,4,-0.548827
0.961158,0.44776,4,-0.644467
0.953296,0.824096,4,-0.151473
0.995249,0.195157,4,0.780604
0.010933,0.32105,5,-0.772824
0.007967,0.733664,5,0.055952
0.018503,0.941552,5,-0.967635
0.055817,0.224665,5,-0.609584
0.052703,0.715284,5,-0.697717
0.043626,0.857396,5,-0.917515
0.0485,0.990519,5,1.457479
0.082246,0.087593,5,-0.902819
0.067929,0.120933,5,0.807344
0.070806,0.209279,5,-1.467861
0.080864,0.392335,5,0.763697
0.068363,0.755089,5,-0.237952
0.114329,0.021952,5,-0.860469
0.11583,0.175771,5,-0.533411
0.119726,0.354624,5,0.544504
0.137598,0.265154,5,-0.227105
0.139265,0.347986,5,-0.788799
0.170564,0.451262,5,0.653986
0.196043,0.202877,5,-0.578772
0.202631,0.549228,5,-0.363027
0.214581,0.58061,5,-0.881068
0.200678,0.824096,5,-0.42146
0.206282,0.922424,5,0.787061
0.24662,0.365364,5,-0.911722
0.263705,0.169202,5,1.661252
0.262869,0.607221,5,0.715366
0.273298,0.671565,5,0.456588
0.256721,0.768372,5,-2.146411
0.298225,0.046066,5,-0.005527
0.303294,0.145335,5,1.732806
0.291713,0.270201,5,0.947326
0.288746,0.371591,5,1.327631
0.285374,0.614482,5,-0.888155
0.30498,0.757965,5,0.824843
0.307891,0.948373,5,0.436356
0.289645,0.98894,5,0.700388
0.333406,0.232439,5,2.508473
0.317309,0.262842,5,0.903269
0.321806,0.820947,5,-0.168241
0.371109,0.567156,5,0.86312
0.356397,0.618155,5,-0.186304
0.347364,0.940708,5,0.761104
0.389272,0.853586,5,-1.016437
0.430538,0.639471,5,0.779372
0.42644,0.73005,5,-0.156044
0.45342,0.117999,5,-1.336701
0.496874,0.434034,5,0.037278
0.473336,0.613693,5,1.351386
0.517292,0.051827,5,-0.251156
0.510924,0.303915,5,0.259605
0.515688,0.324335,5,-0.179456
0.519286,0.473054,5,0.512167
0.525926,0.9608,5,-0.806609
0.508731,0.975399,5,-0.538644
0.547244,0.145485,5,0.584028
0.552469,0.169109,5,1.337862
0.53529,0.840135,5,-1.893302
0.570912,0.089862,5,0.156238
0.583757,0.263877,5,1.182182
0.588844,0.428277,5,-0.566972
0.572347,0.447967,5,-0.952155
0.576385,0.798149,5,-1.441774
0.573694,0.889477,5,-2.031587
0.613933,0.291464,5,0.287457
0.617124,0.419613,5,-0.933601
0.605275,0.572805,5,-2.191889
0.60743,0.878327,5,-1.526794
0.652485,0.385311,5,1.322413
0.644981,0.650414,5,0.779733
0.63647,0.714969,5,0.299303
0.681295,0.202424,5,1.281398
0.662494,0.228291,5,0.370448
0.670062,0.473875,5,0.510635
0.663465,0.6335,5,1.86003
0.708679,0.339248,5,-1.323732
0.737754,0.037704,5,-0.838223
0.739931,0.15233,5,2.001481
0.732081,0.176468,5,0.405111
0.733742,0.541524,5,-0.715576
0.741816,0.793979,5,-0.601039
0.742185,0.895276,5,-0.501273
0.772666,0.615068,5,0.785949
0.784923,0.367347,5,-0.815092
0.793726,0.651852,5,-0.411072
0.796027,0.824379,5,0.794386
0.825621,0.163966,5,1.097714
0.824988,0.865708,5,0.003221
0.847371,0.071989,5,-0.462487
0.849532,0.492052,5,0.559727
0.852037,0.603622,5,-1.179117
0.883394,0.098578,5,0.18121
0.893481,0.170776,5,0.625573
0.879676,0.205524,5,0.196853
0.898787,0.882327,5,1.051484
0.91665,0.3262,5,0.882144
0.921996,0.617869,5,-1.128024
0.94234,0.427772,5,-1.241838
0.961158,0.44776,5,-1.845282
0.953296,0.824096,5,0.718624
0.995249,0.195157,5,0.97023
0.010933,0.32105,6,-0.263393
0.007967,0.733664,6,0.839518
0.018503,0.941552,6,0.353311
0.055817,0.224665,6,-1.175002
0.052703,0.715284,6,-0.710264
0.043626,0.857396,6,-2.142635
0.0485,0.990519,6,1.991081
0.082246,0.087593,6,-0.00017
0.067929,0.120933,6,1.618081
0.070806,0.209279,6,-1.2445
0.080864,0.392335,6,-0.210159
0.068363,0.755089,6,-0.38375
0.114329,0.021952,6,-0.985184
0.11583,0.175771,6,-0.324682
0.119726,0.354624,6,1.498861
0.137598,0.265154,6,-1.055192
0.139265,0.347986,6,-0.593969
0.170564,0.451262,6,0.31706
0.196043,0.202877,6,-0.887417
0.202631,0.549228,6,1.028708
0.214581,0.58061,6,0.902984
0.200678,0.824096,6,-0.097082
0.206282,0.922424,6,1.688649
0.24662,0.365364,6,1.020548
0.263705,0.169202,6,-0.0119
0.262869,0.607221,6,0.473193
0.273298,0.671565,6,0.593854
0.256721,0.768372,6,-1.200752
0.298225,0.046066,6,-0.272988
0.303294,0.145335,6,1.484881
0.291713,0.270201,6,-0.028769
0.288746,0.371591,6,1.698716
0.285374,0.614482,6,-1.11795
0.30498,0.757965,6,0.706825
0.307891,0.948373,6,0.406849
0.289645,0.98894,6,0.045939
0.333406,0.232439,6,0.223365
0.317309,0.262842,6,-1.074385
0.321806,0.820947,6,0.649115
0.371109,0.567156,6,-0.874089
0.356397,0.618155,6,-0.559936
0.347364,0.940708,6,0.691122
0.389272,0.853586,6,-0.211699
0.430538,0.639471,6,0.935071
0.42644,0.73005,6,-0.772802
0.45342,0.117999,6,-1.138962
0.496874,0.434034,6,-0.273512
0.473336,0.613693,6,1.665936
0.517292,0.051827,6,0.609042
0.510924,0.303915,6,0.763776
0.515688,0.324335,6,0.187177
0.519286,0.473054,6,-0.062989
0.525926,0.9608,6,-0.483612
0.508731,0.975399,6,0.628653
0.547244,0.145485,6,0.932101
0.552469,0.169109,6,0.847813
0.53529,0.840135,6,-1.489853
0.570912,0.089862,6,1.636851
0.583757,0.263877,6,1.805025
0.588844,0.428277,6,-1.349836
0.572347,0.447967,6,-1.556951
0.576385,0.798149,6,-0.425547
0.573694,0.889477,6,-1.306225
0.613933,0.291464,6,1.668229
0.617124,0.419613,6,0.188427
0.605275,0.572805,6,-1.796213
0.60743,0.878327,6,-0.934231
0.652485,0.385311,6,0.2839
0.644981,0.650414,6,0.85026
0.63647,0.714969,6,-0.08231
0.681295,0.202424,6,1.06655
0.662494,0.228291,6,0.088067
0.670062,0.473875,6,0.642911
0.663465,0.6335,6,2.103892
0.708679,0.339248,6,-0.772633
0.737754,0.037704,6,-1.929396
0.739931,0.15233,6,1.704741
0.732081,0.176468,6,-0.10392
0.733742,0.541524,6,0.010066
0.741816,0.793979,6,-0.708679
0.742185,0.895276,6,-1.207016
0.772666,0.615068,6,1.109997
0.784923,0.367347,6,-1.076256
0.793726,0.651852,6,-0.667557
0.796027,0.824379,6,-0.491978
0.825621,0.163966,6,1.474594
0.824988,0.865708,6,0.855875
0.847371,0.071989,6,-1.178066
0.849532,0.492052,6,1.671251
0.852037,0.603622,6,-0.318477
0.883394,0.098578,6,-0.174379
0.893481,0.170776,6,0.853364
0.879676,0.205524,6,-0.860576
0.898787,0.882327,6,0.539739
0.91665,0.3262,6,0.42224
0.921996,0.617869,6,-0.354066
0.94234,0.427772,6,-0.526948
0.961158,0.44776,6,-2.398961
0.953296,0.824096,6,-1.752554
0.995249,0.195157,6,0.754333
0.010933,0.32105,7,-0.527192
0.007967,0.733664,7,-0.071351
0.018503,0.941552,7,-0.079669
0.055817,0.224665,7,0.420159
0.052703,0.715284,7,0.931634
0.043626,0.857396,7,-1.196712
0.0485,0.990519,7,-0.323363
0.082246,0.087593,7,1.269745
0.067929,0.120933,7,0.660344
0.070806,0.209279,7,-0.446162
0.080864,0.392335,7,-0.394629
0.068363,0.755089,7,0.43161
0.114329,0.021952,7,-1.108851
0.11583,0.175771,7,-1.81991
0.119726,0.354624,7,0.972961
0.137598,0.265154,7,0.424099
0.139265,0.347986,7,-1.114404
0.170564,0.451262,7,0.774458
0.196043,0.202877,7,-0.527871
0.202631,0.549228,7,1.074914
0.214581,0.58061,7,0.930699
0.200678,0.824096,7,-0.640741
0.206282,0.922424,7,1.384218
0.24662,0.365364,7,1.274365
0.263705,0.169202,7,1.316957
0.262869,0.607221,7,0.598158
0.273298,0.671565,7,-0.581532
0.256721,0.768372,7,0.73516
0.298225,0.046066,7,-0.292077
0.303294,0.145335,7,1.519
0.291713,0.270201,7,1.727921
0.288746,0.371591,7,2.187357
0.285374,0.614482,7,-0.64479
0.30498,0.757965,7,1.01384
0.307891,0.948373,7,0.529891
0.289645,0.98894,7,-0.008185
0.333406,0.232439,7,-0.693094
0.317309,0.262842,7,-0.843641
0.321806,0.820947,7,1.366874
0.371109,0.567156,7,-1.748003
0.356397,0.618155,7,-1.222317
0.347364,0.940708,7,0.644181
0.389272,0.853586,7,0.278781
0.430538,0.639471,7,0.411013
0.42644,0.73005,7,0.585739
0.45342,0.117999,7,0.905745
0.496874,0.434034,7,0.675147
0.473336,0.613693,7,0.985759
0.517292,0.051827,7,-0.121529
0.510924,0.303915,7,-0.318948
0.515688,0.324335,7,-0.252736
0.519286,0.473054,7,0.279509
0.525926,0.9608,7,-0.515684
0.508731,0.975399,7,0.132215
0.547244,0.145485,7,0.570507
0.552469,0.169109,7,0.375294
0.53529,0.840135,7,-1.550521
0.570912,0.089862,7,0.874574
0.583757,0.263877,7,1.629121
0.588844,0.428277,7,-0.359425
0.572347,0.447967,7,-1.619897
0.576385,0.798149,7,-0.589532
0.573694,0.889477,7,-1.020161
0.613933,0.291464,7,1.068869
0.617124,0.419613,7,-0.950142
0.605275,0.572805,7,-2.302928
0.60743,0.878327,7,-1.398757
0.652485,0.385311,7,0.623236
0.644981,0.650414,7,-0.450004
0.63647,0.714969,7,0.207543
0.681295,0.202424,7,0.926712
0.662494,0.228291,7,0.064416
0.670062,0.473875,7,-0.071623
0.663465,0.6335,7,0.439079
0.708679,0.339248,7,-0.065282
0.737754,0.037704,7,-1.316105
0.739931,0.15233,7,0.840884
0.732081,0.176468,7,1.53292
0.733742,0.541524,7,0.552738
0.741816,0.793979,7,-2.236124
0.742185,0.895276,7,-0.56472
0.772666,0.615068,7,-0.616656
0.784923,0.367347,7,-0.845368
0.793726,0.651852,7,-0.437534
0.796027,0.824379,7,-0.011203
0.825621,0.163966,7,0.007504
0.824988,0.865708,7,1.40106
0.847371,0.071989,7,-0.29763
0.849532,0.492052,7,1.013613
0.852037,0.603622,7,-1.105083
0.883394,0.098578,7,-0.356454
0.893481,0.170776,7,-0.404233
0.879676,0.205524,7,0.294406
0.898787,0.882327,7,1.04881
0.91665,0.3262,7,0.394429
0.921996,0.617869,7,1.803711
0.94234,0.427772,7,1.22687
0.961158,0.44776,7,-1.685953
0.953296,0.824096,7,-0.361149
0.995249,0.195157,7,0.149998
0.010933,0.32105,8,-0.363799
0.007967,0.733664,8,-0.421674
0.018503,0.941552,8,-0.151715
0.055817,0.224665,8,0.920936
0.052703,0.715284,8,0.395807
0.043626,0.857396,8,-0.972981
0.0485,0.990519,8,-0.556056
0.082246,0.087593,8,-0.159847
0.067929,0.120933,8,0.550031
0.070806,0.209279,8,0.765465
0.080864,0.392335,8,1.518788
0.068363,0.755089,8,0.08861
0.114329,0.021952,8,-0.757685
0.11583,0.175771,8,-1.000191
0.119726,0.354624,8,-0.20601
0.137598,0.265154,8,-0.894424
0.139265,0.347986,8,-0.883302
0.170564,0.451262,8,1.997845
0.196043,0.202877,8,0.060972
0.202631,0.549228,8,1.750058
0.214581,0.58061,8,1.272418
0.200678,0.824096,8,-0.853219
0.206282,0.922424,8,1.485199
0.24662,0.365364,8,-0.181239
0.263705,0.169202,8,2.259777
0.262869,0.607221,8,0.119903
0.273298,0.671565,8,-1.14596
0.256721,0.768372,8,0.069364
0.298225,0.046066,8,1.347598
0.303294,0.145335,8,1.276956
0.291713,0.270201,8,0.658364
0.288746,0.371591,8,0.931783
0.285374,0.614482,8,-0.652179
0.30498,0.757965,8,2.060399
0.307891,0.948373,8,-0.71876
0.289645,0.98894,8,-0.989478
0.333406,0.232439,8,-0.856583
0.317309,0.262842,8,-0.103161
0.321806,0.820947,8,-0.26362
0.371109,0.567156,8,-0.847187
0.356397,0.618155,8,0.489303
0.347364,0.940708,8,1.108587
0.389272,0.853586,8,-0.139048
0.430538,0.639471,8,-0.269678
0.42644,0.73005,8,0.217035
0.45342,0.117999,8,0.11817
0.496874,0.434034,8,0.606538
0.473336,0.613693,8,-0.513411
0.517292,0.051827,8,0.573808
0.510924,0.303915,8,0.814435
0.515688,0.324335,8,0.473292
0.519286,0.473054,8,0.302961
0.525926,0.9608,8,-0.397121
0.508731,0.975399,8,-0.067624
0.547244,0.145485,8,-0.982
0.552469,0.169109,8,-1.493377
0.53529,0.840135,8,-1.145482
0.570912,0.089862,8,1.089299
0.583757,0.263877,8,1.34655
0.588844,0.428277,8,-0.010705
0.572347,0.447967,8,-0.396141
0.576385,0.798149,8,0.470528
0.573694,0.889477,8,0.00812
0.613933,0.291464,8,-0.079197
0.617124,0.419613,8,0.392135
0.605275,0.572805,8,-2.159215
0.60743,0.878327,8,-0.431491
0.652485,0.385311,8,1.254202
0.644981,0.650414,8,0.023453
0.63647,0.714969,8,-0.105343
0.681295,0.202424,8,-0.087247
0.662494,0.228291,8,1.084028
0.670062,0.473875,8,0.041568
0.663465,0.6335,8,-0.096914
0.708679,0.339248,8,-1.143108
0.737754,0.037704,8,-1.759285
0.739931,0.15233,8,1.422419
0.732081,0.176468,8,0.735639
0.733742,0.541524,8,-0.593571
0.741816,0.793979,8,-0.379333
0.742185,0.895276,8,1.762194
0.772666,0.615068,8,0.626296
0.784923,0.367347,8,-0.361125
0.793726,0.651852,8,-0.475304
0.796027,0.824379,8,0.731138
0.825621,0.163966,8,-0.597397
0.824988,0.865708,8,0.733569
0.847371,0.071989,8,0.362208
0.849532,0.492052,8,1.655778
0.852037,0.603622,8,-1.486972
0.883394,0.098578,8,0.123852
0.893481,0.170776,8,-0.769745
0.879676,0.205524,8,-0.324741
0.898787,0.882327,8,-0.854282
0.91665,0.3262,8,0.199066
0.921996,0.617869,8,1.201416
0.94234,0.427772,8,0.570325
0.961158,0.44776,8,-1.136224
0.953296,0.824096,8,-1.130541
0.995249,0.195157,8,0.985519
0.010933,0.32105,9,-0.553168
0.007967,0.733664,9,0.108895
0.018503,0.941552,9,-1.057383
0.055817,0.224665,9,-1.224463
0.052703,0.715284,9,0.015737
0.043626,0.857396,9,-1.8267
0.0485,0.990519,9,0.840059
0.082246,0.087593,9,-0.744218
0.067929,0.120933,9,-2.048907
0.070806,0.209279,9,-0.877363
0.080864,0.392335,9,0.763239
0.068363,0.755089,9,-0.600982
0.114329,0.021952,9,-0.943035
0.11583,0.175771,9,-1.855051
0.119726,0.354624,9,0.06822
0.137598,0.265154,9,0.20015
0.139265,0.347986,9,-0.714803
0.170564,0.451262,9,0.158875
0.196043,0.202877,9,-0.35889
0.202631,0.549228,9,0.011467
0.214581,0.58061,9,0.925617
0.200678,0.824096,9,0.198325
0.206282,0.922424,9,-0.408379
0.24662,0.365364,9,-0.347936
0.263705,0.169202,9,1.363806
0.262869,0.607221,9,-1.32568
0.273298,0.671565,9,0.302483
0.256721,0.768372,9,1.35155
0.298225,0.046066,9,0.786506
0.303294,0.145335,9,-0.559321
0.291713,0.270201,9,-0.801854
0.288746,0.371591,9,0.220399
0.285374,0.614482,9,-0.368943
0.30498,0.757965,9,1.604505
0.307891,0.948373,9,-0.161266
0.289645,0.98894,9,0.19796
0.333406,0.232439,9,-0.200518
0.317309,0.262842,9,-0.240823
0.321806,0.820947,9,-0.852118
0.371109,0.567156,9,-1.580709
0.356397,0.618155,9,0.800326
0.347364,0.940708,9,0.081762
0.389272,0.853586,9,0.466753
0.430538,0.639471,9,-0.543383
0.42644,0.73005,9,1.264663
0.45342,0.117999,9,1.353262
0.496874,0.434034,9,1.146108
0.473336,0.613693,9,-0.93582
0.517292,0.051827,9,1.451651
0.510924,0.303915,9,1.473793
0.515688,0.324335,9,1.514308
0.519286,0.473054,9,-0.125407
0.525926,0.9608,9,-1.012626
0.508731,0.975399,9,-2.022547
0.547244,0.145485,9,-0.663031
0.552469,0.169109,9,0.517536
0.53529,0.840135,9,-0.629416
0.570912,0.089862,9,-0.262597
0.583757,0.263877,9,-0.128944
0.588844,0.428277,9,0.577553
0.572347,0.447967,9,-0.186403
0.576385,0.798149,9,-0.171361
0.573694,0.889477,9,-0.325087
0.613933,0.291464,9,0.777368
0.617124,0.419613,9,-0.615983
0.605275,0.572805,9,-0.569634
0.60743,0.878327,9,-2.26849
0.652485,0.385311,9,1.872199
0.644981,0.650414,9,0.008125
0.63647,0.714969,9,-0.068652
0.681295,0.202424,9,1.209822
0.662494,0.228291,9,-0.264843
0.670062,0.473875,9,0.428685
0.663465,0.6335,9,0.400892
0.708679,0.339248,9,-1.203326
0.737754,0.037704,9,-1.57419
0.739931,0.15233,9,1.131975
0.732081,0.176468,9,1.368273
0.733742,0.541524,9,-0.401039
0.741816,0.793979,9,-0.111987
0.742185,0.895276,9,0.157346
0.772666,0.615068,9,1.523165
0.784923,0.367347,9,0.71898
0.793726,0.651852,9,-2.236452
0.796027,0.824379,9,0.652871
0.825621,0.163966,9,-0.465778
0.824988,0.865708,9,1.673504
0.847371,0.071989,9,0.462628
0.849532,0.492052,9,-0.288934
0.852037,0.603622,9,-2.179108
0.883394,0.098578,9,0.926793
0.893481,0.170776,9,-1.656426
0.879676,0.205524,9,-0.671729
0.898787,0.882327,9,-0.034583
0.91665,0.3262,9,-0.084983
0.921996,0.617869,9,1.391171
0.94234,0.427772,9,0.792732
0.961158,0.44776,9,0.165088
0.953296,0.824096,9,-0.310334
0.995249,0.195157,9,0.312553
0.010933,0.32105,10,-1.986703
0.007967,0.733664,10,-1.52785
0.018503,0.941552,10,0.472455
0.055817,0.224665,10,-1.175454
0.052703,0.715284,10,0.109673
0.043626,0.857396,10,-0.697127
0.0485,0.990519,10,0.653251
0.082246,0.087593,10,0.262394
0.067929,0.120933,10,-1.790546
0.070806,0.209279,10,-2.140023
0.080864,0.392335,10,-0.042122
0.068363,0.755089,10,-0.578039
0.114329,0.021952,10,0.032979
0.11583,0.175771,10,-0.839644
0.119726,0.354624,10,0.581628
0.137598,0.265154,10,0.19628
0.139265,0.347986,10,-0.426017
0.170564,0.451262,10,-0.819336
0.196043,0.202877,10,0.078911
0.202631,0.549228,10,0.63184
0.214581,0.58061,10,0.863174
0.200678,0.824096,10,0.324828
0.206282,0.922424,10,0.030888
0.24662,0.365364,10,-1.456944
0.263705,0.169202,10,1.200808
0.262869,0.607221,10,-0.738659
0.273298,0.671565,10,-0.34843
0.256721,0.768372,10,3.020937
0.298225,0.046066,10,0.463854
0.303294,0.145335,10,1.029064
0.291713,0.270201,10,-1.67261
0.288746,0.371591,10,1.361978
0.285374,0.614482,10,0.935076
0.30498,0.757965,10,1.992078
0.307891,0.948373,10,-0.407816
0.289645,0.98894,10,0.735475
0.333406,0.232439,10,-0.36141
0.317309,0.262842,10,0.306354
0.321806,0.820947,10,-1.085542
0.371109,0.567156,10,-1.310214
0.356397,0.618155,10,0.899875
0.347364,0.940708,10,0.337539
0.389272,0.853586,10,0.009876
0.430538,0.639471,10,-1.019081
0.42644,0.73005,10,2.128219
0.45342,0.117999,10,0.492338
0.496874,0.434034,10,1.166082
0.473336,0.613693,10,-1.134855
0.517292,0.051827,10,1.05051
0.510924,0.303915,10,1.375787
0.515688,0.324335,10,1.163294
0.519286,0.473054,10,1.068797
0.525926,0.9608,10,0.554425
0.508731,0.975399,10,-0.180363
0.547244,0.145485,10,1.230524
0.552469,0.169109,10,1.924596
0.53529,0.840135,10,-1.530528
0.570912,0.089862,10,-1.158786
0.583757,0.263877,10,1.116294
0.588844,0.428277,10,1.321199
0.572347,0.447967,10,0.676073
0.576385,0.798149,10,-2.453757
0.573694,0.889477,10,0.247125
0.613933,0.291464,10,0.547249
0.617124,0.419613,10,-0.810008
0.605275,0.572805,10,-1.165635
0.60743,0.878327,10,-0.205367
0.652485,0.385311,10,0.99917
0.644981,0.650414,10,-0.351477
0.63647,0.714969,10,-0.636978
0.681295,0.202424,10,-0.205659
0.662494,0.228291,10,-0.56607
0.670062,0.473875,10,1.424599
0.663465,0.6335,10,1.334725
0.708679,0.339248,10,-0.780858
0.737754,0.037704,10,-0.852242
0.739931,0.15233,10,0.945486
0.732081,0.176468,10,0.323566
0.733742,0.541524,10,-1.681186
0.741816,0.793979,10,-0.076247
0.742185,0.895276,10,0.470741
0.772666,0.615068,10,0.62098
0.784923,0.367347,10,0.586767
0.793726,0.651852,10,-1.418083
0.796027,0.824379,10,1.191977
0.825621,0.163966,10,-0.221523
0.824988,0.865708,10,2.722322
0.847371,0.071989,10,-0.040692
0.849532,0.492052,10,0.105027
0.852037,0.603622,10,0.23928
0.883394,0.098578,10,-0.271566
0.893481,0.170776,10,-0.503972
0.879676,0.205524,10,-1.453208
0.898787,0.882327,10,-0.688284
0.91665,0.3262,10,-0.065535
0.921996,0.617869,10,0.849223
0.94234,0.427772,10,-0.243795
0.961158,0.44776,10,-0.603721
0.953296,0.824096,10,-0.281249
0.995249,0.195157,10,0.360792
0.010933,0.32105,11,-0.673856
0.007967,0.733664,11,-0.339985
0.018503,0.941552,11,-0.123812
0.055817,0.224665,11,-0.767535
0.052703,0.715284,11,0.300144
0.043626,0.857396,11,-0.472482
0.0485,0.990519,11,-0.150181
0.082246,0.087593,11,-0.733899
0.067929,0.120933,11,-2.327516
0.070806,0.209279,11,-1.278738
0.080864,0.392335,11,0.344482
0.068363,0.755089,11,-0.509186
0.114329,0.021952,11,-0.666533
0.11583,0.175771,11,-0.285261
0.119726,0.354624,11,1.479966
0.137598,0.265154,11,-0.367324
0.139265,0.347986,11,0.618688
0.170564,0.451262,11,-2.114574
0.196043,0.202877,11,0.186954
0.202631,0.549228,11,-0.13671
0.214581,0.58061,11,-0.290119
0.200678,0.824096,11,0.421807
0.206282,0.922424,11,0.545553
0.24662,0.365364,11,-0.556947
0.263705,0.169202,11,0.854035
0.262869,0.607221,11,-1.67684
0.273298,0.671565,11,1.133305
0.256721,0.768372,11,3.118844
0.298225,0.046066,11,0.442419
0.303294,0.145335,11,0.188517
0.291713,0.270201,11,0.718614
0.288746,0.371591,11,-0.120472
0.285374,0.614482,11,-0.220311
0.30498,0.757965,11,0.871002
0.307891,0.948373,11,-1.57349
0.289645,0.98894,11,0.672588
0.333406,0.232439,11,1.149594
0.317309,0.262842,11,1.167252
0.321806,0.820947,11,-0.065216
0.371109,0.567156,11,-1.743693
0.356397,0.618155,11,-0.090383
0.347364,0.940708,11,-0.61244
0.389272,0.853586,11,0.862758
0.430538,0.639471,11,-1.452489
0.42644,0.73005,11,1.412476
0.45342,0.117999,11,0.470774
0.496874,0.434034,11,0.899563
0.473336,0.613693,11,-1.858739
0.517292,0.051827,11,1.987738
0.510924,0.303915,11,2.111394
0.515688,0.324335,11,1.177516
0.519286,0.473054,11,0.687799
0.525926,0.9608,11,0.713735
0.508731,0.975399,11,-0.082088
0.547244,0.145485,11,0.821164
0.552469,0.169109,11,1.358914
0.53529,0.840135,11,-1.105652
0.570912,0.089862,11,0.109857
0.583757,0.263877,11,0.020087
0.588844,0.428277,11,0.066982
0.572347,0.447967,11,-0.443472
0.576385,0.798149,11,-1.067727
0.573694,0.889477,11,0.051804
0.613933,0.291464,11,-0.532738
0.617124,0.419613,11,1.259986
0.605275,0.572805,11,-0.679166
0.60743,0.878327,11,-0.833931
0.652485,0.385311,11,-1.107169
0.644981,0.650414,11,-0.299758
0.63647,0.714969,11,0.386043
0.681295,0.202424,11,0.200215
0.662494,0.228291,11,-0.016639
0.670062,0.473875,11,0.612667
0.663465,0.6335,11,1.016528
0.708679,0.339248,11,-1.103571
0.737754,0.037704,11,-0.288244
0.739931,0.15233,11,-0.029106
0.732081,0.176468,11,0.474533
0.733742,0.541524,11,-0.313675
0.741816,0.793979,11,-0.855685
0.742185,0.895276,11,-0.360798
0.772666,0.615068,11,1.004278
0.784923,0.367347,11,-0.270478
0.793726,0.651852,11,0.381387
0.796027,0.824379,11,0.566484
0.825621,0.163966,11,0.590228
0.824988,0.865708,11,1.336672
0.847371,0.071989,11,0.141796
0.849532,0.492052,11,0.272947
0.852037,0.603622,11,-0.469983
0.883394,0.098578,11,-0.029331
0.893481,0.170776,11,-0.827688
0.879676,0.205524,11,-1.274038
0.898787,0.882327,11,-0.906449
0.91665,0.3262,11,0.478742
0.921996,0.617869,11,1.017862
0.94234,0.427772,11,0.993336
0.961158,0.44776,11,0.492088
0.953296,0.824096,11,1.169012
0.995249,0.195157,11,-0.992442
0.010933,0.32105,12,-1.943308
0.007967,0.733664,12,0.052918
0.018503,0.941552,12,0.549677
0.055817,0.224665,12,-1.18126
0.052703,0.715284,12,0.059187
0.043626,0.857396,12,-0.2788
0.0485,0.990519,12,-0.31628
0.082246,0.087593,12,0.512694
0.067929,0.120933,12,-1.364388
0.070806,0.209279,12,-0.091167
0.080864,0.392335,12,1.855332
0.068363,0.755089,12,0.791202
0.114329,0.021952,12,-0.787486
0.11583,0.175771,12,-0.917876
0.119726,0.354624,12,0.901782
0.137598,0.265154,12,-0.355606
0.139265,0.347986,12,0.747584
0.170564,0.451262,12,-1.541349
0.196043,0.202877,12,0.458915
0.202631,0.549228,12,-0.176922
0.214581,0.58061,12,0.590871
0.200678,0.824096,12,0.864459
0.206282,0.922424,12,0.990717
0.24662,0.365364,12,0.562809
0.263705,0.169202,12,0.666003
0.262869,0.607221,12,0.233382
0.273298,0.671565,12,0.827823
0.256721,0.768372,12,2.048196
0.298225,0.046066,12,0.568859
0.303294,0.145335,12,0.422211
0.291713,0.270201,12,0.452423
0.288746,0.371591,12,-0.307119
0.285374,0.614482,12,-0.617537
0.30498,0.757965,12,1.942168
0.307891,0.948373,12,0.3376
0.289645,0.98894,12,-0.417589
0.333406,0.232439,12,-0.185673
0.317309,0.262842,12,0.234109
0.321806,0.820947,12,-1.016959
0.371109,0.567156,12,0.036137
0.356397,0.618155,12,-0.113723
0.347364,0.940708,12,-0.484812
0.389272,0.853586,12,0.617508
0.430538,0.639471,12,-1.630025
0.42644,0.73005,12,0.135901
0.45342,0.117999,12,-0.69472
0.496874,0.434034,12,1.441078
0.473336,0.613693,12,-1.107241
0.517292,0.051827,12,0.425529
0.510924,0.303915,12,1.076655
0.515688,0.324335,12,1.986417
0.519286,0.473054,12,0.078029
0.525926,0.9608,12,0.992471
0.508731,0.975399,12,-0.386835
0.547244,0.145485,12,0.832688
0.552469,0.169109,12,1.198824
0.53529,0.840135,12,-1.477206
0.570912,0.089862,12,1.078562
0.583757,0.263877,12,-1.603203
0.588844,0.428277,12,-0.187526
0.572347,0.447967,12,-0.096911
0.576385,0.798149,12,-1.477674
0.573694,0.889477,12,-0.260493
0.613933,0.291464,12,-0.000396
0.617124,0.419613,12,0.267302
0.605275,0.572805,12,-0.458625
0.60743,0.878327,12,-0.343696
0.652485,0.385311,12,-0.676119
0.644981,0.650414,12,-1.228059
0.63647,0.714969,12,1.090592
0.681295,0.202424,12,1.334808
0.662494,0.228291,12,0.155986
0.670062,0.473875,12,1.439684
0.663465,0.6335,12,1.185084
0.708679,0.339248,12,-0.326113
0.737754,0.037704,12,-0.588205
0.739931,0.15233,12,1.378341
0.732081,0.176468,12,-0.132323
0.733742,0.541524,12,0.391488
0.741816,0.793979,12,0.70924
0.742185,0.895276,12,-0.819235
0.772666,0.615068,12,-0.310331
0.784923,0.367347,12,-0.480402
0.793726,0.651852,12,-0.62239
0.796027,0.824379,12,0.091218
0.825621,0.163966,12,0.218931
0.824988,0.865708,12,0.503144
0.847371,0.071989,12,-0.692343
0.849532,0.492052,12,0.499987
0.852037,0.603622,12,0.645421
0.883394,0.098578,12,-0.676413
0.893481,0.170776,12,1.83837
0.879676,0.205524,12,-1.614796
0.898787,0.882327,12,0.877835
0.91665,0.3262,12,-1.468371
0.921996,0.617869,12,0.020384
0.94234,0.427772,12,1.173347
0.961158,0.44776,12,-0.50794
0.953296,0.824096,12,0.020496
0.995249,0.195157,12,-0.359568
0.010933,0.32105,13,-1.021145
0.007967,0.733664,13,-0.544575
0.018503,0.941552,13,-0.889515
0.055817,0.224665,13,-0.89781
0.052703,0.715284,13,-0.035623
0.043626,0.857396,13,0.91221
0.0485,0.990519,13,-0.714776
0.082246,0.087593,13,-0.032176
0.067929,0.120933,13,-0.694858
0.070806,0.209279,13,-1.020377
0.080864,0.392335,13,2.047365
0.068363,0.755089,13,0.125993
0.114329,0.021952,13,-1.208479
0.11583,0.175771,13,-0.105328
0.119726,0.354624,13,-1.600431
0.137598,0.265154,13,-0.03955
0.139265,0.347986,13,-1.069908
0.170564,0.451262,13,-2.846517
0.196043,0.202877,13,0.861907
0.202631,0.549228,13,-0.934145
0.214581,0.58061,13,0.015401
0.200678,0.824096,13,-0.31951
0.206282,0.922424,13,0.364089
0.24662,0.365364,13,-0.080487
0.263705,0.169202,13,1.381124
0.262869,0.607221,13,0.337823
0.273298,0.671565,13,1.384003
0.256721,0.768372,13,1.43779
0.298225,0.046066,13,0.226846
0.303294,0.145335,13,2.065903
0.291713,0.270201,13,0.209073
0.288746,0.371591,13,-1.005385
0.285374,0.614482,13,-0.255313
0.30498,0.757965,13,0.769577
0.307891,0.948373,13,-0.098906
0.289645,0.98894,13,1.184564
0.333406,0.232439,13,-0.747592
0.317309,0.262842,13,0.107927
0.321806,0.820947,13,-0.211371
0.371109,0.567156,13,-0.090617
0.356397,0.618155,13,-0.655645
0.347364,0.940708,13,-0.074467
0.389272,0.853586,13,0.187459
0.430538,0.639471,13,-0.458964
0.42644,0.73005,13,-0.147921
0.45342,0.117999,13,0.356877
0.496874,0.434034,13,1.421981
0.473336,0.613693,13,-0.299577
0.517292,0.051827,13,0.974175
0.510924,0.303915,13,-0.041127
0.515688,0.324335,13,1.59026
0.519286,0.473054,13,0.232241
0.525926,0.9608,13,-0.782508
0.508731,0.975399,13,-0.548433
0.547244,0.145485,13,0.587566
0.552469,0.169109,13,-0.631076
0.53529,0.840135,13,-0.530215
0.570912,0.089862,13,1.883045
0.583757,0.263877,13,0.249168
0.588844,0.428277,13,-0.99845
0.572347,0.447967,13,0.307793
0.576385,0.798149,13,0.273876
0.573694,0.889477,13,-1.465317
0.613933,0.291464,13,0.955562
0.617124,0.419613,13,-0.221045
0.605275,0.572805,13,0.485176
0.60743,0.878327,13,-2.021003
0.652485,0.385311,13,-0.250496
0.644981,0.650414,13,-0.545722
0.63647,0.714969,13,1.305084
0.681295,0.202424,13,0.523049
0.662494,0.228291,13,0.727565
0.670062,0.473875,13,1.570417
0.663465,0.6335,13,-0.290767
0.708679,0.339248,13,-0.098536
0.737754,0.037704,13,-1.241531
0.739931,0.15233,13,-0.128282
0.732081,0.176468,13,0.070611
0.733742,0.541524,13,-1.085203
0.741816,0.793979,13,0.092232
0.742185,0.895276,13,-0.921705
0.772666,0.615068,13,-1.645368
0.784923,0.367347,13,0.168672
0.793726,0.651852,13,-0.499066
0.796027,0.824379,13,0.54551
0.825621,0.163966,13,-1.030232
0.824988,0.865708,13,0.420091
0.847371,0.071989,13,0.119177
0.849532,0.492052,13,0.82078
0.852037,0.603622,13,-0.119562
0.883394,0.098578,13,-0.395457
0.893481,0.170776,13,1.590699
0.879676,0.205524,13,-0.475825
0.898787,0.882327,13,1.339545
0.91665,0.3262,13,-0.607865
0.921996,0.617869,13,-0.666095
0.94234,0.427772,13,0.665368
0.961158,0.44776,13,-0.464207
0.953296,0.824096,13,-0.351245
0.995249,0.195157,13,-1.571728
0.010933,0.32105,14,-0.485626
0.007967,0.733664,14,0.021342
0.018503,0.941552,14,1.089007
0.055817,0.224665,14,-0.623381
0.052703,0.715284,14,-0.536835
0.043626,0.857396,14,0.099799
0.0485,0.990519,14,-0.228413
0.082246,0.087593,14,-1.139299
0.067929,0.120933,14,0.024086
0.070806,0.209279,14,0.127221
0.080864,0.392335,14,0.903101
0.068363,0.755089,14,0.288732
0.114329,0.021952,14,0.202599
0.11583,0.175771,14,-0.130954
0.119726,0.354624,14,-0.409789
0.137598,0.265154,14,0.487192
0.139265,0.347986,14,-0.173859
0.170564,0.451262,14,-2.169762
0.196043,0.202877,14,0.319515
0.202631,0.549228,14,-1.219078
0.214581,0.58061,14,0.325389
0.200678,0.824096,14,-1.556934
0.206282,0.922424,14,1.571507
0.24662,0.365364,14,0.664643
0.263705,0.169202,14,2.339049
0.262869,0.607221,14,-2.032093
0.273298,0.671565,14,0.701198
0.256721,0.768372,14,1.392378
0.298225,0.046066,14,0.353321
0.303294,0.145335,14,2.664985
0.291713,0.270201,14,0.365666
0.288746,0.371591,14,-0.211086
0.285374,0.614482,14,-0.574523
0.30498,0.757965,14,2.070046
0.307891,0.948373,14,0.485731
0.289645,0.98894,14,1.577996
0.333406,0.232439,14,-0.200168
0.317309,0.262842,14,-0.128035
0.321806,0.820947,14,-0.118394
0.371109,0.567156,14,0.014514
0.356397,0.618155,14,0.869489
0.347364,0.940708,14,-0.549889
0.389272,0.853586,14,1.087201
0.430538,0.639471,14,-0.180249
0.42644,0.73005,14,1.312077
0.45342,0.117999,14,0.505328
0.496874,0.434034,14,1.407343
0.473336,0.613693,14,0.948805
0.517292,0.051827,14,2.604115
0.510924,0.303915,14,-0.349897
0.515688,0.324335,14,0.335716
0.519286,0.473054,14,-0.237033
0.525926,0.9608,14,-0.696191
0.508731,0.975399,14,-0.104102
0.547244,0.145485,14,1.478101
0.552469,0.169109,14,0.847465
0.53529,0.840135,14,-0.201482
0.570912,0.089862,14,1.652327
0.583757,0.263877,14,0.598656
0.588844,0.428277,14,-0.103119
0.572347,0.447967,14,1.245962
0.576385,0.798149,14,-0.05851
0.573694,0.889477,14,-1.139852
0.613933,0.291464,14,0.41719
0.617124,0.419613,14,0.29937
0.605275,0.572805,14,0.537668
0.60743,0.878327,14,-2.38601
0.652485,0.385311,14,-0.286547
0.644981,0.650414,14,-0.437134
0.63647,0.714969,14,0.649089
0.681295,0.202424,14,0.526508
0.662494,0.228291,14,1.045785
0.670062,0.473875,14,0.514306
0.663465,0.6335,14,-0.594659
0.708679,0.339248,14,0.055583
0.737754,0.037704,14,-1.537489
0.739931,0.15233,14,-0.526165
0.732081,0.176468,14,-0.867517
0.733742,0.541524,14,-0.218473
0.741816,0.793979,14,-0.665624
0.742185,0.895276,14,-0.284872
0.772666,0.615068,14,-2.872615
0.784923,0.367347,14,-0.184372
0.793726,0.651852,14,-0.930298
0.796027,0.824379,14,0.61109
0.825621,0.163966,14,-0.183307
0.824988,0.865708,14,1.127114
0.847371,0.071989,14,0.502016
0.849532,0.492052,14,0.497168
0.852037,0.603622,14,-0.12561
0.883394,0.098578,14,-0.879181
0.893481,0.170776,14,0.701511
0.879676,0.205524,14,0.192692
0.898787,0.882327,14,0.904038
0.91665,0.3262,14,-1.453957
0.921996,0.617869,14,0.595499
0.94234,0.427772,14,-0.884371
0.961158,0.44776,14,-0.450924
0.953296,0.824096,14,-0.613536
0.995249,0.195157,14,-0.234461
0.010933,0.32105,15,-0.181396
0.007967,0.733664,15,-2.503949
0.018503,0.941552,15,0.99583
0.055817,0.224665,15,0.373503
0.052703,0.715284,15,-0.266539
0.043626,0.857396,15,-0.269719
0.0485,0.990519,15,-0.365463
0.082246,0.087593,15,-1.023526
0.067929,0.120933,15,-0.18958
0.070806,0.209279,15,0.303198
0.080864,0.392335,15,0.573233
0.068363,0.755089,15,0.341741
0.114329,0.021952,15,0.519166
0.11583,0.175771,15,0.057529
0.119726,0.354624,15,-0.05186
0.137598,0.265154,15,-0.29111
0.139265,0.347986,15,0.056952
0.170564,0.451262,15,-2.552775
0.196043,0.202877,15,0.014061
0.202631,0.549228,15,0.637449
0.214581,0.58061,15,1.318604
0.200678,0.824096,15,-0.933397
0.206282,0.922424,15,0.4109
0.24662,0.365364,15,0.277996
0.263705,0.169202,15,2.819358
0.262869,0.607221,15,-1.78371
0.273298,0.671565,15,-0.365193
0.256721,0.768372,15,1.123467
0.298225,0.046066,15,0.047567
0.303294,0.145335,15,1.02795
0.291713,0.270201,15,0.697224
0.288746,0.371591,15,0.113574
0.285374,0.614482,15,-1.489848
0.30498,0.757965,15,0.966843
0.307891,0.948373,15,0.140696
0.289645,0.98894,15,0.778375
0.333406,0.232439,15,-0.311259
0.317309,0.262842,15,0.449244
0.321806,0.820947,15,-0.745306
0.371109,0.567156,15,1.000001
0.356397,0.618155,15,2.463447
0.347364,0.940708,15,1.008267
0.389272,0.853586,15,-0.249544
0.430538,0.639471,15,-0.052758
0.42644,0.73005,15,-0.324268
0.45342,0.117999,15,1.238112
0.496874,0.434034,15,1.899938
0.473336,0.613693,15,-0.655664
0.517292,0.051827,15,0.01646
0.510924,0.303915,15,-0.232322
0.515688,0.324335,15,0.838257
0.519286,0.473054,15,-0.111512
0.525926,0.9608,15,-0.806093
0.508731,0.975399,15,0.30574
0.547244,0.145485,15,0.903922
0.552469,0.169109,15,0.864468
0.53529,0.840135,15,1.016743
0.570912,0.089862,15,1.283192
0.583757,0.263877,15,0.684939
0.588844,0.428277,15,0.866617
0.572347,0.447967,15,0.717692
0.576385,0.798149,15,0.00598
0.573694,0.889477,15,-0.623191
0.613933,0.291464,15,-1.325725
0.617124,0.419613,15,1.76999
0.605275,0.572805,15,0.254839
0.60743,0.878327,15,-2.494677
0.652485,0.385311,15,0.223025
0.644981,0.650414,15,0.624789
0.63647,0.714969,15,-0.149738
0.681295,0.202424,15,0.12533
0.662494,0.228291,15,-0.201057
0.670062,0.473875,15,0.072482
0.663465,0.6335,15,-0.17877
0.708679,0.339248,15,0.970078
0.737754,0.037704,15,-0.245993
0.739931,0.15233,15,-0.133178
0.732081,0.176468,15,-1.093251
0.733742,0.541524,15,0.522066
0.741816,0.793979,15,-1.575763
0.742185,0.895276,15,0.471201
0.772666,0.615068,15,-2.267447
0.784923,0.367347,15,-0.938982
0.793726,0.651852,15,-1.42801
0.796027,0.824379,15,-0.453199
0.825621,0.163966,15,-0.117052
0.824988,0.865708,15,-0.25062
0.847371,0.071989,15,-0.293226
0.849532,0.492052,15,0.532508
0.852037,0.603622,15,0.302929
0.883394,0.098578,15,-0.279201
0.893481,0.170776,15,-0.258947
0.879676,0.205524,15,-0.013859
0.898787,0.882327,15,-1.174126
0.91665,0.3262,15,0.72416
0.921996,0.617869,15,0.737364
0.94234,0.427772,15,-0.838062
0.961158,0.44776,15,-0.623517
0.953296,0.824096,15,-0.908721
0.995249,0.195157,15,-0.729666
0.010933,0.32105,16,-1.130274
0.007967,0.733664,16,-0.374378
0.018503,0.941552,16,1.383187
0.055817,0.224665,16,-0.076992
0.052703,0.715284,16,0.14605
0.043626,0.857396,16,-0.873298
0.0485,0.990519,16,-0.306801
0.082246,0.087593,16,-0.889546
0.067929,0.120933,16,-0.16389
0.070806,0.209279,16,1.069586
0.080864,0.392335,16,1.028628
0.068363,0.755089,16,-0.671746
0.114329,0.021952,16,-0.89805
0.11583,0.175771,16,1.254994
0.119726,0.354624,16,-2.273723
0.137598,0.265154,16,-0.247727
0.139265,0.347986,16,-1.353552
0.170564,0.451262,16,-1.809099
0.196043,0.202877,16,-0.48922
0.202631,0.549228,16,-0.490292
0.214581,0.58061,16,2.449014
0.200678,0.824096,16,-1.123864
0.206282,0.922424,16,1.279084
0.24662,0.365364,16,1.040916
0.263705,0.169202,16,0.382512
0.262869,0.607221,16,-0.626517
0.273298,0.671565,16,-1.480655
0.256721,0.768372,16,0.159297
0.298225,0.046066,16,-0.607063
0.303294,0.145335,16,-0.877777
0.291713,0.270201,16,-1.073883
0.288746,0.371591,16,1.185856
0.285374,0.614482,16,-1.484802
0.30498,0.757965,16,1.23916
0.307891,0.948373,16,-1.466966
0.289645,0.98894,16,0.49155
0.333406,0.232439,16,-0.207443
0.317309,0.262842,16,0.664863
0.321806,0.820947,16,-0.005661
0.371109,0.567156,16,-0.538482
0.356397,0.618155,16,0.498789
0.347364,0.940708,16,1.061802
0.389272,0.853586,16,0.794117
0.430538,0.639471,16,0.17839
0.42644,0.73005,16,-0.965746
0.45342,0.117999,16,-0.522287
0.496874,0.434034,16,-1.580256
0.473336,0.613693,16,-0.050514
0.517292,0.051827,16,0.24516
0.510924,0.303915,16,1.278595
0.515688,0.324335,16,1.357785
0.519286,0.473054,16,-1.175956
0.525926,0.9608,16,1.506715
0.508731,0.975399,16,1.157557
0.547244,0.145485,16,0.026116
0.552469,0.169109,16,1.740485
0.53529,0.840135,16,0.929167
0.570912,0.089862,16,0.88353
0.583757,0.263877,16,0.704009
0.588844,0.428277,16,-0.070663
0.572347,0.447967,16,-0.166818
0.576385,0.798149,16,-0.69327
0.573694,0.889477,16,-0.259353
0.613933,0.291464,16,1.560215
0.617124,0.419613,16,-0.300112
0.605275,0.572805,16,0.159195
0.60743,0.878327,16,-0.841654
0.652485,0.385311,16,-0.588427
0.644981,0.650414,16,-1.019335
0.63647,0.714969,16,0.841493
0.681295,0.202424,16,-0.130334
0.662494,0.228291,16,0.016848
0.670062,0.473875,16,-0.821142
0.663465,0.6335,16,-1.562412
0.708679,0.339248,16,1.286001
0.737754,0.037704,16,-1.876498
0.739931,0.15233,16,-1.662402
0.732081,0.176468,16,-0.979518
0.733742,0.541524,16,0.838482
0.741816,0.793979,16,-0.349429
0.742185,0.895276,16,-0.022112
0.772666,0.615068,16,-1.088512
0.784923,0.367347,16,0.198751
0.793726,0.651852,16,-2.125609
0.796027,0.824379,16,-0.693015
0.825621,0.163966,16,-0.265091
0.824988,0.865708,16,-0.451317
0.847371,0.071989,16,-0.090074
0.849532,0.492052,16,1.352202
0.852037,0.603622,16,-0.898985
0.883394,0.098578,16,-1.22456
0.893481,0.170776,16,0.319787
0.879676,0.205524,16,1.232868
0.898787,0.882327,16,-1.402271
0.91665,0.3262,16,0.576448
0.921996,0.617869,16,-0.348085
0.94234,0.427772,16,0.099056
0.961158,0.44776,16,1.032073
0.953296,0.824096,16,-1.147249
0.995249,0.195157,16,0.093663
0.010933,0.32105,17,-1.657324
0.007967,0.733664,17,-0.126401
0.018503,0.941552,17,1.017648
0.055817,0.224665,17,0.884116
0.052703,0.715284,17,-0.694627
0.043626,0.857396,17,0.193462
0.0485,0.990519,17,-0.954176
0.082246,0.087593,17,-2.61789
0.067929,0.120933,17,-1.234797
0.070806,0.209279,17,-0.100979
0.080864,0.392335,17,1.422875
0.068363,0.755089,17,-1.620594
0.114329,0.021952,17,-0.095491
0.11583,0.175771,17,1.902654
0.119726,0.354624,17,-0.185016
0.137598,0.265154,17,-0.107285
0.139265,0.347986,17,-1.821347
0.170564,0.451262,17,-1.340567
0.196043,0.202877,17,-0.638475
0.202631,0.549228,17,0.415261
0.214581,0.58061,17,1.765888
0.200678,0.824096,17,-1.318463
0.206282,0.922424,17,1.111311
0.24662,0.365364,17,-0.120138
0.263705,0.169202,17,0.181498
0.262869,0.607221,17,0.819679
0.273298,0.671565,17,-0.33078
0.256721,0.768372,17,-0.461986
0.298225,0.046066,17,0.367698
0.303294,0.145335,17,0.015301
0.291713,0.270201,17,-0.787143
0.288746,0.371591,17,1.924983
0.285374,0.614482,17,1.078243
0.30498,0.757965,17,0.978343
0.307891,0.948373,17,0.060782
0.289645,0.98894,17,1.39481
0.333406,0.232439,17,-0.624367
0.317309,0.262842,17,0.610797
0.321806,0.820947,17,0.637703
0.371109,0.567156,17,0.187468
0.356397,0.618155,17,0.847339
0.347364,0.940708,17,0.886581
0.389272,0.853586,17,1.892947
0.430538,0.639471,17,0.990126
0.42644,0.73005,17,-0.706132
0.45342,0.117999,17,-1.51059
0.496874,0.434034,17,0.104162
0.473336,0.613693,17,1.488245
0.517292,0.051827,17,1.005214
0.510924,0.303915,17,1.77482
0.515688,0.324335,17,0.780047
0.519286,0.473054,17,-0.976291
0.525926,0.9608,17,-0.482294
0.508731,0.975399,17,-0.127623
0.547244,0.145485,17,0.560496
0.552469,0.169109,17,2.231507
0.53529,0.840135,17,0.294078
0.570912,0.089862,17,-0.287597
0.583757,0.263877,17,-0.466178
0.588844,0.428277,17,-0.499061
0.572347,0.447967,17,-0.027791
0.576385,0.798149,17,-1.991023
0.573694,0.889477,17,1.11094
0.613933,0.291464,17,0.261441
0.617124,0.419613,17,0.463001
0.605275,0.572805,17,0.093501
0.60743,0.878327,17,0.241597
0.652485,0.385311,17,-1.018504
0.644981,0.650414,17,0.373082
0.63647,0.714969,17,1.010409
0.681295,0.202424,17,-0.972657
0.662494,0.228291,17,-0.068255
0.670062,0.473875,17,-0.112104
0.663465,0.6335,17,-1.498746
0.708679,0.339248,17,0.979898
0.737754,0.037704,17,-0.806309
0.739931,0.15233,17,-0.624302
0.732081,0.176468,17,0.379058
0.733742,0.541524,17,1.143668
0.741816,0.793979,17,-0.217282
0.742185,0.895276,17,-0.430266
0.772666,0.615068,17,-0.482985
0.784923,0.367347,17,-0.39876
0.793726,0.651852,17,-0.599953
0.796027,0.824379,17,0.818467
0.825621,0.163966,17,-0.091555
0.824988,0.865708,17,0.225169
0.847371,0.071989,17,-0.214137
0.849532,0.492052,17,1.342445
0.852037,0.603622,17,-0.747649
0.883394,0.098578,17,0.955596
0.893481,0.170776,17,0.167366
0.879676,0.205524,17,0.420057
0.898787,0.882327,17,-0.060883
0.91665,0.3262,17,0.620374
0.921996,0.617869,17,0.938658
0.94234,0.427772,17,-1.295073
0.961158,0.44776,17,-0.373945
0.953296,0.824096,17,-0.626135
0.995249,0.195157,17,0.453501
0.010933,0.32105,18,-1.800056
0.007967,0.733664,18,1.151836
0.018503,0.941552,18,1.547397
0.055817,0.224665,18,-0.183567
0.052703,0.715284,18,1.378745
0.043626,0.857396,18,1.188293
0.0485,0.990519,18,-0.15886
0.082246,0.087593,18,-1.822225
0.067929,0.120933,18,-0.113523
0.070806,0.209279,18,-0.200639
0.080864,0.392335,18,0.554449
0.068363,0.755089,18,0.807781
0.114329,0.021952,18,-0.094021
0.11583,0.175771,18,0.550636
0.119726,0.354624,18,0.675056
0.137598,0.265154,18,-0.077016
0.139265,0.347986,18,-0.7632
0.170564,0.451262,18,0.571505
0.196043,0.202877,18,0.965381
0.202631,0.549228,18,0.139066
0.214581,0.58061,18,0.944236
0.200678,0.824096,18,-1.652263
0.206282,0.922424,18,-0.952196
0.24662,0.365364,18,-0.875354
0.263705,0.169202,18,-0.742498
0.262869,0.607221,18,1.283991
0.273298,0.671565,18,-0.606087
0.256721,0.768372,18,-1.093625
0.298225,0.046066,18,1.396148
0.303294,0.145335,18,-0.097782
0.291713,0.270201,18,0.302989
0.288746,0.371591,18,2.073986
0.285374,0.614482,18,0.39298
0.30498,0.757965,18,0.880483
0.307891,0.948373,18,-0.063783
0.289645,0.98894,18,3.564259
0.333406,0.232439,18,-1.642179
0.317309,0.262842,18,0.991473
0.321806,0.820947,18,1.397027
0.371109,0.567156,18,-0.66911
0.356397,0.618155,18,0.271857
0.347364,0.940708,18,-0.770682
0.389272,0.853586,18,2.580778
0.430538,0.639471,18,0.346594
0.42644,0.73005,18,-1.640814
0.45342,0.117999,18,-0.911059
0.496874,0.434034,18,1.134187
0.473336,0.613693,18,0.06348
0.517292,0.051827,18,1.403019
0.510924,0.303915,18,1.45245
0.515688,0.324335,18,1.767444
0.519286,0.473054,18,1.118362
0.525926,0.9608,18,1.002518
0.508731,0.975399,18,0.150499
0.547244,0.145485,18,-0.786986
0.552469,0.169109,18,1.176721
0.53529,0.840135,18,-1.790568
0.570912,0.089862,18,-0.588075
0.583757,0.263877,18,0.596516
0.588844,0.428277,18,-0.460988
0.572347,0.447967,18,0.200672
0.576385,0.798149,18,-2.809755
0.573694,0.889477,18,0.983526
0.613933,0.291464,18,0.490569
0.617124,0.419613,18,0.534172
0.605275,0.572805,18,0.494365
0.60743,0.878327,18,-2.139395
0.652485,0.385311,18,-1.03987
0.644981,0.650414,18,-0.244851
0.63647,0.714969,18,0.016838
0.681295,0.202424,18,-0.850788
0.662494,0.228291,18,-0.416544
0.670062,0.473875,18,0.91544
0.663465,0.6335,18,-0.489394
0.708679,0.339248,18,0.711787
0.737754,0.037704,18,-1.152969
0.739931,0.15233,18,-0.027085
0.732081,0.176468,18,0.078302
0.733742,0.541524,18,-0.171221
0.741816,0.793979,18,-0.795438
0.742185,0.895276,18,-0.988148
0.772666,0.615068,18,-0.406725
0.784923,0.367347,18,-0.675087
0.793726,0.651852,18,-0.78909
0.796027,0.824379,18,-0.354727
0.825621,0.163966,18,0.072154
0.824988,0.865708,18,0.655044
0.847371,0.071989,18,-0.900327
0.849532,0.492052,18,-0.21474
0.852037,0.603622,18,-0.826713
0.883394,0.098578,18,-0.650479
0.893481,0.170776,18,0.466267
0.879676,0.205524,18,-0.574534
0.898787,0.882327,18,0.009464
0.91665,0.3262,18,-0.518223
0.921996,0.617869,18,0.513694
0.94234,0.427772,18,-0.162906
0.961158,0.44776,18,-0.23642
0.953296,0.824096,18,-1.13568
0.995249,0.195157,18,1.64384
0.010933,0.32105,19,-0.24122
0.007967,0.733664,19,-0.492169
0.018503,0.941552,19,1.913011
0.055817,0.224665,19,0.549971
0.052703,0.715284,19,0.567104
0.043626,0.857396,19,2.924561
0.0485,0.990519,19,0.127985
0.082246,0.087593,19,-0.822429
0.067929,0.120933,19,0.296606
0.070806,0.209279,19,0.237502
0.080864,0.392335,19,1.080739
0.068363,0.755089,19,0.528953
0.114329,0.021952,19,0.06099
0.11583,0.175771,19,1.808186
0.119726,0.354624,19,0.092385
0.137598,0.265154,19,-0.178254
0.139265,0.347986,19,-0.187752
0.170564,0.451262,19,-0.620622
0.196043,0.202877,19,0.72224
0.202631,0.549228,19,1.034071
0.214581,0.58061,19,0.254999
0.200678,0.824096,19,-1.393665
0.206282,0.922424,19,-0.179032
0.24662,0.365364,19,-0.919721
0.263705,0.169202,19,-0.616229
0.262869,0.607221,19,0.728066
0.273298,0.671565,19,-0.640022
0.256721,0.768372,19,-0.980906
0.298225,0.046066,19,0.681021
0.303294,0.145335,19,0.207687
0.291713,0.270201,19,0.637277
0.288746,0.371591,19,0.592693
0.285374,0.614482,19,-0.878686
0.30498,0.757965,19,1.791452
0.307891,0.948373,19,-0.199181
0.289645,0.98894,19,2.963166
0.333406,0.232439,19,-0.417955
0.317309,0.262842,19,0.425163
0.321806,0.820947,19,2.196467
0.371109,0.567156,19,-0.683842
0.356397,0.618155,19,-0.253436
0.347364,0.940708,19,1.248137
0.389272,0.853586,19,0.98051
0.430538,0.639471,19,-0.550967
0.42644,0.73005,19,-0.158079
0.45342,0.117999,19,-0.796866
0.496874,0.434034,19,-0.144859
0.473336,0.613693,19,0.747089
0.517292,0.051827,19,2.215461
0.510924,0.303915,19,1.793886
0.515688,0.324335,19,2.138533
0.519286,0.473054,19,0.147098
0.525926,0.9608,19,0.287191
0.508731,0.975399,19,-0.297411
0.547244,0.145485,19,-0.621852
0.552469,0.169109,19,0.17926
0.53529,0.840135,19,-0.943923
0.570912,0.089862,19,0.436564
0.583757,0.263877,19,-0.858583
0.588844,0.428277,19,-1.116867
0.572347,0.447967,19,0.20777
0.576385,0.798149,19,-0.493113
0.573694,0.889477,19,0.737157
0.613933,0.291464,19,-1.385436
0.617124,0.419613,19,-0.571165
0.605275,0.572805,19,-1.12509
0.60743,0.878327,19,-1.291984
0.652485,0.385311,19,0.926145
0.644981,0.650414,19,-1.525835
0.63647,0.714969,19,-1.672125
0.681295,0.202424,19,0.15205
0.662494,0.228291,19,0.546816
0.670062,0.473875,19,1.653631
0.663465,0.6335,19,-0.155877
0.708679,0.339248,19,-0.522278
0.737754,0.037704,19,-0.064691
0.739931,0.15233,19,0.2861
0.732081,0.176468,19,1.8518
0.733742,0.541524,19,1.646357
0.741816,0.793979,19,0.185405
0.742185,0.895276,19,-1.273318
0.772666,0.615068,19,-0.696375
0.784923,0.367347,19,-0.407539
0.793726,0.651852,19,-1.521307
0.796027,0.824379,19,-0.118565
0.825621,0.163966,19,1.889897
0.824988,0.865708,19,1.317545
0.847371,0.071989,19,-1.001186
0.849532,0.492052,19,0.849529
0.852037,0.603622,19,-0.704483
0.883394,0.098578,19,-0.115044
0.893481,0.170776,19,0.583917
0.879676,0.205524,19,-0.519089
0.898787,0.882327,19,-0.66648
0.91665,0.3262,19,-1.345879
0.921996,0.617869,19,0.371391
0.94234,0.427772,19,-0.056411
0.961158,0.44776,19,0.383702
0.953296,0.824096,19,-0.722436
0.995249,0.195157,19,0.288448
0.010933,0.32105,20,-0.120681
0.007967,0.733664,20,-0.773523
0.018503,0.941552,20,0.421443
0.055817,0.224665,20,-0.914154
0.052703,0.715284,20,-0.004207
0.043626,0.857396,20,2.778755
0.0485,0.990519,20,0.32639
0.082246,0.087593,20,-0.417148
0.067929,0.120933,20,0.566055
0.070806,0.209279,20,-0.73071
0.080864,0.392335,20,1.249347
0.068363,0.755089,20,0.179372
0.114329,0.021952,20,0.653713
0.11583,0.175771,20,1.193429
0.119726,0.354624,20,-0.728425
0.137598,0.265154,20,0.820106
0.139265,0.347986,20,-0.224321
0.170564,0.451262,20,1.265362
0.196043,0.202877,20,0.167328
0.202631,0.549228,20,0.986037
0.214581,0.58061,20,0.976558
0.200678,0.824096,20,-1.174994
0.206282,0.922424,20,0.255468
0.24662,0.365364,20,-1.061933
0.263705,0.169202,20,0.657053
0.262869,0.607221,20,-0.087136
0.273298,0.671565,20,-1.798983
0.256721,0.768372,20,0.79702
0.298225,0.046066,20,0.347563
0.303294,0.145335,20,-0.150355
0.291713,0.270201,20,-0.625095
0.288746,0.371591,20,0.164509
0.285374,0.614482,20,-0.165606
0.30498,0.757965,20,1.62976
0.307891,0.948373,20,-0.089287
0.289645,0.98894,20,0.790992
0.333406,0.232439,20,-0.334408
0.317309,0.262842,20,0.635544
0.321806,0.820947,20,0.929163
0.371109,0.567156,20,-0.620633
0.356397,0.618155,20,0.065875
0.347364,0.940708,20,1.409358
0.389272,0.853586,20,0.17053
0.430538,0.639471,20,-1.173978
0.42644,0.73005,20,-0.616318
0.45342,0.117999,20,0.304464
0.496874,0.434034,20,-0.158851
0.473336,0.613693,20,0.018314
0.517292,0.051827,20,1.39823
0.510924,0.303915,20,1.442014
0.515688,0.324335,20,1.932853
0.519286,0.473054,20,0.516008
0.525926,0.9608,20,-0.113319
0.508731,0.975399,20,-1.223069
0.547244,0.145485,20,-0.541618
0.552469,0.169109,20,1.090337
0.53529,0.840135,20,-0.939539
0.570912,0.089862,20,-0.153869
0.583757,0.263877,20,1.218741
0.588844,0.428277,20,0.082565
0.572347,0.447967,20,0.248793
0.576385,0.798149,20,0.364998
0.573694,0.889477,20,0.511482
0.613933,0.291464,20,-0.636161
0.617124,0.419613,20,-0.427618
0.605275,0.572805,20,-1.374043
0.60743,0.878327,20,0.05642
0.652485,0.385311,20,0.408467
0.644981,0.650414,20,-0.870936
0.63647,0.714969,20,-1.217259
0.681295,0.202424,20,1.404126
0.662494,0.228291,20,0.003094
0.670062,0.473875,20,0.090983
0.663465,0.6335,20,0.51093
0.708679,0.339248,20,0.324307
0.737754,0.037704,20,0.108131
0.739931,0.15233,20,0.105036
0.732081,0.176468,20,1.677412
0.733742,0.541524,20,2.161758
0.741816,0.793979,20,-1.828253
0.742185,0.895276,20,-0.402714
0.772666,0.615068,20,-0.507576
0.784923,0.367347,20,-1.45539
0.793726,0.651852,20,-0.46611
0.796027,0.824379,20,-0.195455
0.825621,0.163966,20,1.609651
0.824988,0.865708,20,1.266909
0.847371,0.071989,20,-0.766577
0.849532,0.492052,20,0.997156
0.852037,0.603622,20,-0.624693
0.883394,0.098578,20,0.336973
0.893481,0.170776,20,-0.808771
0.879676,0.205524,20,-0.842229
0.898787,0.882327,20,0.580238
0.91665,0.3262,20,-0.695554
0.921996,0.617869,20,-0.223084
0.94234,0.427772,20,0.196904
0.961158,0.44776,20,-0.293422
0.953296,0.824096,20,-1.567613
0.995249,0.195157,20,-0.076271
